-- phpMyAdmin SQL Dump
-- version 5.0.3
-- https://www.phpmyadmin.net/
--
-- Host: 127.0.0.1
-- Generation Time: Aug 11, 2021 at 07:47 AM
-- Server version: 10.4.14-MariaDB
-- PHP Version: 7.4.11

SET SQL_MODE = "NO_AUTO_VALUE_ON_ZERO";
START TRANSACTION;
SET time_zone = "+00:00";


/*!40101 SET @OLD_CHARACTER_SET_CLIENT=@@CHARACTER_SET_CLIENT */;
/*!40101 SET @OLD_CHARACTER_SET_RESULTS=@@CHARACTER_SET_RESULTS */;
/*!40101 SET @OLD_COLLATION_CONNECTION=@@COLLATION_CONNECTION */;
/*!40101 SET NAMES utf8mb4 */;

--
-- Database: `inventory`
--

-- --------------------------------------------------------

--
-- Table structure for table `categories`
--

CREATE TABLE `categories` (
  `id` bigint(20) UNSIGNED NOT NULL,
  `category_name` varchar(191) COLLATE utf8mb4_unicode_ci NOT NULL,
  `created_at` timestamp NULL DEFAULT NULL,
  `updated_at` timestamp NULL DEFAULT NULL
) ENGINE=InnoDB DEFAULT CHARSET=utf8mb4 COLLATE=utf8mb4_unicode_ci;

--
-- Dumping data for table `categories`
--

INSERT INTO `categories` (`id`, `category_name`, `created_at`, `updated_at`) VALUES
(1, 'Football', '2021-07-23 21:50:47', '2021-07-23 21:50:47'),
(2, 'Computers', '2021-07-23 21:51:38', '2021-07-23 21:51:38'),
(3, 'Laptops', '2021-07-23 21:51:55', '2021-07-23 21:51:55'),
(5, 'Shoe', '2021-08-06 20:03:07', '2021-08-06 20:03:07');

-- --------------------------------------------------------

--
-- Table structure for table `customers`
--

CREATE TABLE `customers` (
  `id` bigint(20) UNSIGNED NOT NULL,
  `name` varchar(191) COLLATE utf8mb4_unicode_ci NOT NULL,
  `email` varchar(191) COLLATE utf8mb4_unicode_ci DEFAULT NULL,
  `phone` varchar(191) COLLATE utf8mb4_unicode_ci NOT NULL,
  `address` varchar(191) COLLATE utf8mb4_unicode_ci NOT NULL,
  `photo` varchar(191) COLLATE utf8mb4_unicode_ci DEFAULT NULL,
  `created_at` timestamp NULL DEFAULT NULL,
  `updated_at` timestamp NULL DEFAULT NULL
) ENGINE=InnoDB DEFAULT CHARSET=utf8mb4 COLLATE=utf8mb4_unicode_ci;

--
-- Dumping data for table `customers`
--

INSERT INTO `customers` (`id`, `name`, `email`, `phone`, `address`, `photo`, `created_at`, `updated_at`) VALUES
(1, 'Anis11', 'anis@gmail.com1', '08168516933', 'Ologuneru1', 'backend/customer/1627539005.png', '2021-07-29 03:11:07', '2021-07-29 03:11:07'),
(3, 'Jack', 'jack@gmail.com', '1234039990', 'China', NULL, '2021-07-30 15:06:05', '2021-07-30 15:06:05');

-- --------------------------------------------------------

--
-- Table structure for table `employees`
--

CREATE TABLE `employees` (
  `id` bigint(20) UNSIGNED NOT NULL,
  `name` varchar(191) COLLATE utf8mb4_unicode_ci NOT NULL,
  `email` varchar(191) COLLATE utf8mb4_unicode_ci NOT NULL,
  `phone` varchar(191) COLLATE utf8mb4_unicode_ci NOT NULL,
  `address` varchar(191) COLLATE utf8mb4_unicode_ci NOT NULL,
  `salary` varchar(191) COLLATE utf8mb4_unicode_ci NOT NULL,
  `photo` varchar(191) COLLATE utf8mb4_unicode_ci DEFAULT NULL,
  `nid` varchar(191) COLLATE utf8mb4_unicode_ci DEFAULT NULL,
  `joining_date` varchar(191) COLLATE utf8mb4_unicode_ci NOT NULL,
  `created_at` timestamp NULL DEFAULT NULL,
  `updated_at` timestamp NULL DEFAULT NULL
) ENGINE=InnoDB DEFAULT CHARSET=utf8mb4 COLLATE=utf8mb4_unicode_ci;

--
-- Dumping data for table `employees`
--

INSERT INTO `employees` (`id`, `name`, `email`, `phone`, `address`, `salary`, `photo`, `nid`, `joining_date`, `created_at`, `updated_at`) VALUES
(1, 'Adeleke Hammed Lekan', 'lekan@gmail.com1', '08168516937', 'Ibadann', '130000', 'backend/employee/1627052590.jpeg', '1233345430', '1992-12-25', '2021-07-18 05:57:58', '2021-07-18 05:57:58'),
(6, 'Adeleke Akeem', 'akeem@gmail.com', '09090390030', 'Ibadan', '90000', 'backend/employee/1626994129.jpeg', '0903890030399', '2021-07-31', '2021-07-21 19:00:41', '2021-07-21 19:00:41'),
(9, 'Habeeb', 'hb@gmail.com', '09028002092', 'Akatapa Area', '10000', NULL, '2098983', '1993-12-09', '2021-07-31 05:36:00', '2021-07-31 05:36:00');

-- --------------------------------------------------------

--
-- Table structure for table `expenses`
--

CREATE TABLE `expenses` (
  `id` bigint(20) UNSIGNED NOT NULL,
  `details` text COLLATE utf8mb4_unicode_ci NOT NULL,
  `amount` varchar(191) COLLATE utf8mb4_unicode_ci NOT NULL,
  `expense_date` varchar(191) COLLATE utf8mb4_unicode_ci DEFAULT NULL,
  `created_at` timestamp NULL DEFAULT NULL,
  `updated_at` timestamp NULL DEFAULT NULL
) ENGINE=InnoDB DEFAULT CHARSET=utf8mb4 COLLATE=utf8mb4_unicode_ci;

--
-- Dumping data for table `expenses`
--

INSERT INTO `expenses` (`id`, `details`, `amount`, `expense_date`, `created_at`, `updated_at`) VALUES
(1, 'Current Bills', '10000', '25/07/21', '2021-07-25 22:59:07', '2021-07-25 22:59:07'),
(2, 'Computer Bill', '2000', '25/07/21', '2021-07-25 22:59:57', '2021-07-25 22:59:57');

-- --------------------------------------------------------

--
-- Table structure for table `extra`
--

CREATE TABLE `extra` (
  `id` bigint(20) UNSIGNED NOT NULL,
  `vat` int(11) NOT NULL,
  `logo` varchar(191) COLLATE utf8mb4_unicode_ci NOT NULL,
  `favicon` varchar(191) COLLATE utf8mb4_unicode_ci DEFAULT NULL,
  `phone` varchar(191) COLLATE utf8mb4_unicode_ci NOT NULL,
  `email` varchar(191) COLLATE utf8mb4_unicode_ci NOT NULL,
  `address` varchar(191) COLLATE utf8mb4_unicode_ci NOT NULL,
  `created_at` timestamp NULL DEFAULT NULL,
  `updated_at` timestamp NULL DEFAULT NULL
) ENGINE=InnoDB DEFAULT CHARSET=utf8mb4 COLLATE=utf8mb4_unicode_ci;

--
-- Dumping data for table `extra`
--

INSERT INTO `extra` (`id`, `vat`, `logo`, `favicon`, `phone`, `email`, `address`, `created_at`, `updated_at`) VALUES
(1, 5, '', NULL, '', '', '', NULL, NULL);

-- --------------------------------------------------------

--
-- Table structure for table `failed_jobs`
--

CREATE TABLE `failed_jobs` (
  `id` bigint(20) UNSIGNED NOT NULL,
  `connection` text COLLATE utf8mb4_unicode_ci NOT NULL,
  `queue` text COLLATE utf8mb4_unicode_ci NOT NULL,
  `payload` longtext COLLATE utf8mb4_unicode_ci NOT NULL,
  `exception` longtext COLLATE utf8mb4_unicode_ci NOT NULL,
  `failed_at` timestamp NOT NULL DEFAULT current_timestamp()
) ENGINE=InnoDB DEFAULT CHARSET=utf8mb4 COLLATE=utf8mb4_unicode_ci;

-- --------------------------------------------------------

--
-- Table structure for table `migrations`
--

CREATE TABLE `migrations` (
  `id` int(10) UNSIGNED NOT NULL,
  `migration` varchar(191) COLLATE utf8mb4_unicode_ci NOT NULL,
  `batch` int(11) NOT NULL
) ENGINE=InnoDB DEFAULT CHARSET=utf8mb4 COLLATE=utf8mb4_unicode_ci;

--
-- Dumping data for table `migrations`
--

INSERT INTO `migrations` (`id`, `migration`, `batch`) VALUES
(1, '2014_10_12_000000_create_users_table', 1),
(2, '2014_10_12_100000_create_password_resets_table', 1),
(3, '2019_08_19_000000_create_failed_jobs_table', 1),
(4, '2021_07_17_070654_create_employee_table', 2),
(5, '2021_07_21_075723_create_suppliers_table', 3),
(6, '2021_07_23_221809_create_categories_table', 4),
(7, '2021_07_24_072242_create_products_table', 5),
(8, '2021_07_25_233012_create_expenses_table', 6),
(9, '2021_07_26_113546_create_salaries_table', 7),
(10, '2021_07_28_170030_create_customers_table', 8),
(11, '2021_07_30_163601_create_pos_table', 9),
(12, '2021_07_31_114130_create_extra_table', 10),
(13, '2021_08_01_204653_create_orders_table', 11),
(14, '2021_08_01_204846_create_order_details_table', 11);

-- --------------------------------------------------------

--
-- Table structure for table `orders`
--

CREATE TABLE `orders` (
  `id` bigint(20) UNSIGNED NOT NULL,
  `customer_id` int(11) NOT NULL,
  `qty` varchar(191) COLLATE utf8mb4_unicode_ci DEFAULT NULL,
  `sub_total` varchar(191) COLLATE utf8mb4_unicode_ci DEFAULT NULL,
  `vat` varchar(191) COLLATE utf8mb4_unicode_ci DEFAULT NULL,
  `total` varchar(191) COLLATE utf8mb4_unicode_ci DEFAULT NULL,
  `pay` varchar(191) COLLATE utf8mb4_unicode_ci DEFAULT NULL,
  `due` varchar(191) COLLATE utf8mb4_unicode_ci DEFAULT NULL,
  `payby` varchar(191) COLLATE utf8mb4_unicode_ci DEFAULT NULL,
  `order_date` varchar(191) COLLATE utf8mb4_unicode_ci DEFAULT NULL,
  `order_month` varchar(191) COLLATE utf8mb4_unicode_ci DEFAULT NULL,
  `order_year` varchar(191) COLLATE utf8mb4_unicode_ci DEFAULT NULL,
  `created_at` timestamp NULL DEFAULT NULL,
  `updated_at` timestamp NULL DEFAULT NULL
) ENGINE=InnoDB DEFAULT CHARSET=utf8mb4 COLLATE=utf8mb4_unicode_ci;

--
-- Dumping data for table `orders`
--

INSERT INTO `orders` (`id`, `customer_id`, `qty`, `sub_total`, `vat`, `total`, `pay`, `due`, `payby`, `order_date`, `order_month`, `order_year`, `created_at`, `updated_at`) VALUES
(1, 3, '1', '40', '5', '42', '3000', '4000', 'GiftCard', '01/08/21', 'July', '2021', NULL, NULL),
(2, 3, '2', '80', '5', '84', '3000', '4000', 'HandCash', '01/08/21', 'August', '2021', NULL, NULL),
(3, 3, '2', '80', '5', '84', '2000', '4000', 'HandCash', '02/08/21', 'August', '2021', NULL, NULL),
(4, 3, '1', '40', '5', '42', '5000', '6000', 'Cheque', '02/08/2021', 'August', '2021', NULL, NULL),
(5, 1, '5', '170', '5', '178.5', '3000', '4000', 'GiftCard', '03/08/2021', 'August', '2021', NULL, NULL);

-- --------------------------------------------------------

--
-- Table structure for table `order_details`
--

CREATE TABLE `order_details` (
  `id` bigint(20) UNSIGNED NOT NULL,
  `order_id` int(11) DEFAULT NULL,
  `product_id` int(11) DEFAULT NULL,
  `pro_quantity` varchar(191) COLLATE utf8mb4_unicode_ci DEFAULT NULL,
  `product_price` varchar(191) COLLATE utf8mb4_unicode_ci DEFAULT NULL,
  `sub_total` varchar(191) COLLATE utf8mb4_unicode_ci DEFAULT NULL,
  `created_at` timestamp NULL DEFAULT NULL,
  `updated_at` timestamp NULL DEFAULT NULL
) ENGINE=InnoDB DEFAULT CHARSET=utf8mb4 COLLATE=utf8mb4_unicode_ci;

--
-- Dumping data for table `order_details`
--

INSERT INTO `order_details` (`id`, `order_id`, `product_id`, `pro_quantity`, `product_price`, `sub_total`, `created_at`, `updated_at`) VALUES
(1, 1, 3, '1', '40', '40', NULL, NULL),
(2, 2, 3, '2', '40', '80', NULL, NULL),
(3, 4, 3, '2', '40', '80', NULL, NULL),
(4, 4, 3, '1', '40', '40', NULL, NULL),
(5, 5, 3, '3', '40', '80', NULL, NULL),
(6, 5, 1, '2', '25', '50', NULL, NULL);

-- --------------------------------------------------------

--
-- Table structure for table `password_resets`
--

CREATE TABLE `password_resets` (
  `email` varchar(191) COLLATE utf8mb4_unicode_ci NOT NULL,
  `token` varchar(191) COLLATE utf8mb4_unicode_ci NOT NULL,
  `created_at` timestamp NULL DEFAULT NULL
) ENGINE=InnoDB DEFAULT CHARSET=utf8mb4 COLLATE=utf8mb4_unicode_ci;

-- --------------------------------------------------------

--
-- Table structure for table `pos`
--

CREATE TABLE `pos` (
  `id` bigint(20) UNSIGNED NOT NULL,
  `pro_id` int(11) NOT NULL,
  `pro_name` varchar(191) COLLATE utf8mb4_unicode_ci DEFAULT NULL,
  `pro_quantity` varchar(191) COLLATE utf8mb4_unicode_ci DEFAULT NULL,
  `product_price` varchar(191) COLLATE utf8mb4_unicode_ci DEFAULT NULL,
  `sub_total` varchar(191) COLLATE utf8mb4_unicode_ci DEFAULT NULL,
  `created_at` timestamp NULL DEFAULT NULL,
  `updated_at` timestamp NULL DEFAULT NULL
) ENGINE=InnoDB DEFAULT CHARSET=utf8mb4 COLLATE=utf8mb4_unicode_ci;

-- --------------------------------------------------------

--
-- Table structure for table `products`
--

CREATE TABLE `products` (
  `id` bigint(20) UNSIGNED NOT NULL,
  `category_id` int(11) NOT NULL,
  `product_name` varchar(191) COLLATE utf8mb4_unicode_ci NOT NULL,
  `product_code` varchar(191) COLLATE utf8mb4_unicode_ci DEFAULT NULL,
  `root` varchar(191) COLLATE utf8mb4_unicode_ci DEFAULT NULL,
  `buying_price` varchar(191) COLLATE utf8mb4_unicode_ci DEFAULT NULL,
  `selling_price` varchar(191) COLLATE utf8mb4_unicode_ci NOT NULL,
  `supplier_id` int(11) DEFAULT NULL,
  `buying_date` varchar(191) COLLATE utf8mb4_unicode_ci DEFAULT NULL,
  `image` varchar(191) COLLATE utf8mb4_unicode_ci DEFAULT NULL,
  `product_quantity` varchar(191) COLLATE utf8mb4_unicode_ci NOT NULL,
  `created_at` timestamp NULL DEFAULT NULL,
  `updated_at` timestamp NULL DEFAULT NULL
) ENGINE=InnoDB DEFAULT CHARSET=utf8mb4 COLLATE=utf8mb4_unicode_ci;

--
-- Dumping data for table `products`
--

INSERT INTO `products` (`id`, `category_id`, `product_name`, `product_code`, `root`, `buying_price`, `selling_price`, `supplier_id`, `buying_date`, `image`, `product_quantity`, `created_at`, `updated_at`) VALUES
(1, 1, '11Product1', '11Product101', '11Root', '30', '25', 5, '2021-07-31', 'backend/product/1627246017.jpeg', '0', '2021-07-25 19:46:57', '2021-07-25 19:46:57'),
(3, 2, 'Phone', 'ph001', 'Root1', '10', '40', 4, '2021-07-30', 'backend/product/1627385314.jpeg', '20', '2021-07-27 10:28:34', '2021-07-27 10:28:34'),
(4, 5, 'Brown Shoe', 'BS001', 'FirstClass', '2000', '3000', 4, '2020-11-13', 'backend/product/1628284112.jpeg', '30', '2021-08-06 20:08:32', '2021-08-06 20:08:32');

-- --------------------------------------------------------

--
-- Table structure for table `salaries`
--

CREATE TABLE `salaries` (
  `id` bigint(20) UNSIGNED NOT NULL,
  `employee_id` int(11) NOT NULL,
  `amount` varchar(191) COLLATE utf8mb4_unicode_ci DEFAULT NULL,
  `salary_date` varchar(191) COLLATE utf8mb4_unicode_ci DEFAULT NULL,
  `salary_month` varchar(191) COLLATE utf8mb4_unicode_ci DEFAULT NULL,
  `salary_year` varchar(191) COLLATE utf8mb4_unicode_ci DEFAULT NULL,
  `created_at` timestamp NULL DEFAULT NULL,
  `updated_at` timestamp NULL DEFAULT NULL
) ENGINE=InnoDB DEFAULT CHARSET=utf8mb4 COLLATE=utf8mb4_unicode_ci;

--
-- Dumping data for table `salaries`
--

INSERT INTO `salaries` (`id`, `employee_id`, `amount`, `salary_date`, `salary_month`, `salary_year`, `created_at`, `updated_at`) VALUES
(2, 1, '130000', '26/07/2021', 'April', '2021', NULL, NULL),
(3, 6, '130000', '26/07/2021', 'February', '2021', NULL, NULL),
(4, 1, '130000', '27/07/2021', 'October', '2021', NULL, NULL),
(5, 6, '90000', '27/07/2021', 'May', '2021', NULL, NULL),
(6, 1, '130000', '27/07/2021', 'November', '2021', NULL, NULL),
(7, 1, '130000', '27/07/2021', 'January', '2021', NULL, NULL);

-- --------------------------------------------------------

--
-- Table structure for table `suppliers`
--

CREATE TABLE `suppliers` (
  `id` bigint(20) UNSIGNED NOT NULL,
  `name` varchar(191) COLLATE utf8mb4_unicode_ci NOT NULL,
  `email` varchar(191) COLLATE utf8mb4_unicode_ci NOT NULL,
  `phone` varchar(191) COLLATE utf8mb4_unicode_ci NOT NULL,
  `address` varchar(191) COLLATE utf8mb4_unicode_ci DEFAULT NULL,
  `photo` varchar(191) COLLATE utf8mb4_unicode_ci DEFAULT NULL,
  `shopname` varchar(191) COLLATE utf8mb4_unicode_ci NOT NULL,
  `created_at` timestamp NULL DEFAULT NULL,
  `updated_at` timestamp NULL DEFAULT NULL
) ENGINE=InnoDB DEFAULT CHARSET=utf8mb4 COLLATE=utf8mb4_unicode_ci;

--
-- Dumping data for table `suppliers`
--

INSERT INTO `suppliers` (`id`, `name`, `email`, `phone`, `address`, `photo`, `shopname`, `created_at`, `updated_at`) VALUES
(4, 'Harry Smith', 'harrysmith@gmail.com', '123403999', 'New York City', 'backend/supplier/1626906294.jpeg', 'Shoprite', '2021-07-21 21:24:54', '2021-07-21 21:24:54'),
(5, 'Mary Julius', 'abd@gmail.com', '+235 890 002', 'Hong Kong', 'backend/supplier/1627074675.jpeg', 'Jendor', '2021-07-21 21:25:37', '2021-07-21 21:25:37');

-- --------------------------------------------------------

--
-- Table structure for table `users`
--

CREATE TABLE `users` (
  `id` bigint(20) UNSIGNED NOT NULL,
  `name` varchar(191) COLLATE utf8mb4_unicode_ci NOT NULL,
  `email` varchar(191) COLLATE utf8mb4_unicode_ci NOT NULL,
  `email_verified_at` timestamp NULL DEFAULT NULL,
  `password` varchar(191) COLLATE utf8mb4_unicode_ci NOT NULL,
  `remember_token` varchar(100) COLLATE utf8mb4_unicode_ci DEFAULT NULL,
  `created_at` timestamp NULL DEFAULT NULL,
  `updated_at` timestamp NULL DEFAULT NULL
) ENGINE=InnoDB DEFAULT CHARSET=utf8mb4 COLLATE=utf8mb4_unicode_ci;

--
-- Dumping data for table `users`
--

INSERT INTO `users` (`id`, `name`, `email`, `email_verified_at`, `password`, `remember_token`, `created_at`, `updated_at`) VALUES
(1, 'admin', 'admin@gmail.com', NULL, '$2y$12$eW59JnZAkWjg8wqv/jRAFea8q9ky/xK/JlN/k5b/ryJO0Eq.z1Or.', NULL, NULL, NULL),
(2, 'demo', 'demo@gmail.com', NULL, '$2y$10$JaMGWVRrvlyW5gs.w1Rni.7evt9/kLwX9BS4QZ33Mpj5qBQ6ZCZDi', NULL, NULL, NULL),
(3, 'test', 'test@gmail.com', NULL, '$2y$10$qErSV5X3IsU/gQ30TO.8Xucuq4sVIh.c3HJ.vUuTfq9biqRrb2PDa', NULL, NULL, NULL),
(4, 'Adeleke', 'ade@gmail.com', NULL, '$2y$10$hUhv3uhptGRZPdwuLcgjPeGaN6PHepnSv8wJR7n7sFXKbBd1iEIVi', NULL, NULL, NULL);

--
-- Indexes for dumped tables
--

--
-- Indexes for table `categories`
--
ALTER TABLE `categories`
  ADD PRIMARY KEY (`id`);

--
-- Indexes for table `customers`
--
ALTER TABLE `customers`
  ADD PRIMARY KEY (`id`);

--
-- Indexes for table `employees`
--
ALTER TABLE `employees`
  ADD PRIMARY KEY (`id`);

--
-- Indexes for table `expenses`
--
ALTER TABLE `expenses`
  ADD PRIMARY KEY (`id`);

--
-- Indexes for table `extra`
--
ALTER TABLE `extra`
  ADD PRIMARY KEY (`id`);

--
-- Indexes for table `failed_jobs`
--
ALTER TABLE `failed_jobs`
  ADD PRIMARY KEY (`id`);

--
-- Indexes for table `migrations`
--
ALTER TABLE `migrations`
  ADD PRIMARY KEY (`id`);

--
-- Indexes for table `orders`
--
ALTER TABLE `orders`
  ADD PRIMARY KEY (`id`);

--
-- Indexes for table `order_details`
--
ALTER TABLE `order_details`
  ADD PRIMARY KEY (`id`);

--
-- Indexes for table `password_resets`
--
ALTER TABLE `password_resets`
  ADD KEY `password_resets_email_index` (`email`);

--
-- Indexes for table `pos`
--
ALTER TABLE `pos`
  ADD PRIMARY KEY (`id`);

--
-- Indexes for table `products`
--
ALTER TABLE `products`
  ADD PRIMARY KEY (`id`);

--
-- Indexes for table `salaries`
--
ALTER TABLE `salaries`
  ADD PRIMARY KEY (`id`);

--
-- Indexes for table `suppliers`
--
ALTER TABLE `suppliers`
  ADD PRIMARY KEY (`id`);

--
-- Indexes for table `users`
--
ALTER TABLE `users`
  ADD PRIMARY KEY (`id`),
  ADD UNIQUE KEY `users_email_unique` (`email`);

--
-- AUTO_INCREMENT for dumped tables
--

--
-- AUTO_INCREMENT for table `categories`
--
ALTER TABLE `categories`
  MODIFY `id` bigint(20) UNSIGNED NOT NULL AUTO_INCREMENT, AUTO_INCREMENT=6;

--
-- AUTO_INCREMENT for table `customers`
--
ALTER TABLE `customers`
  MODIFY `id` bigint(20) UNSIGNED NOT NULL AUTO_INCREMENT, AUTO_INCREMENT=4;

--
-- AUTO_INCREMENT for table `employees`
--
ALTER TABLE `employees`
  MODIFY `id` bigint(20) UNSIGNED NOT NULL AUTO_INCREMENT, AUTO_INCREMENT=10;

--
-- AUTO_INCREMENT for table `expenses`
--
ALTER TABLE `expenses`
  MODIFY `id` bigint(20) UNSIGNED NOT NULL AUTO_INCREMENT, AUTO_INCREMENT=4;

--
-- AUTO_INCREMENT for table `extra`
--
ALTER TABLE `extra`
  MODIFY `id` bigint(20) UNSIGNED NOT NULL AUTO_INCREMENT, AUTO_INCREMENT=2;

--
-- AUTO_INCREMENT for table `failed_jobs`
--
ALTER TABLE `failed_jobs`
  MODIFY `id` bigint(20) UNSIGNED NOT NULL AUTO_INCREMENT;

--
-- AUTO_INCREMENT for table `migrations`
--
ALTER TABLE `migrations`
  MODIFY `id` int(10) UNSIGNED NOT NULL AUTO_INCREMENT, AUTO_INCREMENT=15;

--
-- AUTO_INCREMENT for table `orders`
--
ALTER TABLE `orders`
  MODIFY `id` bigint(20) UNSIGNED NOT NULL AUTO_INCREMENT, AUTO_INCREMENT=6;

--
-- AUTO_INCREMENT for table `order_details`
--
ALTER TABLE `order_details`
  MODIFY `id` bigint(20) UNSIGNED NOT NULL AUTO_INCREMENT, AUTO_INCREMENT=7;

--
-- AUTO_INCREMENT for table `pos`
--
ALTER TABLE `pos`
  MODIFY `id` bigint(20) UNSIGNED NOT NULL AUTO_INCREMENT, AUTO_INCREMENT=31;

--
-- AUTO_INCREMENT for table `products`
--
ALTER TABLE `products`
  MODIFY `id` bigint(20) UNSIGNED NOT NULL AUTO_INCREMENT, AUTO_INCREMENT=5;

--
-- AUTO_INCREMENT for table `salaries`
--
ALTER TABLE `salaries`
  MODIFY `id` bigint(20) UNSIGNED NOT NULL AUTO_INCREMENT, AUTO_INCREMENT=8;

--
-- AUTO_INCREMENT for table `suppliers`
--
ALTER TABLE `suppliers`
  MODIFY `id` bigint(20) UNSIGNED NOT NULL AUTO_INCREMENT, AUTO_INCREMENT=7;

--
-- AUTO_INCREMENT for table `users`
--
ALTER TABLE `users`
  MODIFY `id` bigint(20) UNSIGNED NOT NULL AUTO_INCREMENT, AUTO_INCREMENT=5;
COMMIT;

/*!40101 SET CHARACTER_SET_CLIENT=@OLD_CHARACTER_SET_CLIENT */;
/*!40101 SET CHARACTER_SET_RESULTS=@OLD_CHARACTER_SET_RESULTS */;
/*!40101 SET COLLATION_CONNECTION=@OLD_COLLATION_CONNECTION */;
